{"version": "1", "message": "ERROR: Hidden Testcases server unreachable.", "problem_id": "ads2_m6_a1_1", "user_id": "praveen5658", "score": {"sample": {"0": {"execution_time": 0.2996034622192383, "passed": false}, "1": {"execution_time": 0.3026726245880127, "passed": false}, "2": {"execution_time": 0.26541829109191895, "passed": false}, "3": {"execution_time": 0.32743239402770996, "passed": false}, "4": {"execution_time": 0.24948644638061523, "passed": false}, "5": {"execution_time": 0.23489928245544434, "passed": false}, "6": {"execution_time": 0.27250051498413086, "passed": false}, "7": {"execution_time": 0.21282267570495605, "passed": false}, "8": {"execution_time": 0.3399848937988281, "passed": false}, "9": {"execution_time": 0.297121524810791, "passed": false}, "10": {"execution_time": 0.3271040916442871, "passed": false}, "11": {"execution_time": 0.2868990898132324, "passed": false}}}, "check_style_score": "0/1"}