{"version": "1", "message": "ERROR: Hidden Testcases server unreachable.", "problem_id": "ads2_m6_a1_1", "user_id": "praveen5658", "score": {"sample": {"0": {"execution_time": 0.2588069438934326, "passed": false}, "1": {"execution_time": 0.3450312614440918, "passed": false}, "2": {"execution_time": 0.3679990768432617, "passed": false}, "3": {"execution_time": 0.3846170902252197, "passed": false}, "4": {"execution_time": 0.29355573654174805, "passed": false}, "5": {"execution_time": 0.4087526798248291, "passed": false}, "6": {"execution_time": 0.28331899642944336, "passed": false}, "7": {"execution_time": 0.27943849563598633, "passed": false}, "8": {"execution_time": 0.28598952293395996, "passed": false}, "9": {"execution_time": 0.38240933418273926, "passed": false}, "10": {"execution_time": 0.36870360374450684, "passed": false}, "11": {"execution_time": 0.2762892246246338, "passed": false}}}, "check_style_score": "0/1"}