{"version": "1", "message": "ERROR: Hidden Testcases server unreachable.", "problem_id": "ads2_m6_a1_1", "user_id": "praveen5658", "score": {"sample": {"0": {"execution_time": 0.21742486953735352, "passed": false}, "1": {"execution_time": 0.31679439544677734, "passed": false}, "2": {"execution_time": 0.28255462646484375, "passed": false}, "3": {"execution_time": 0.2670438289642334, "passed": false}, "4": {"execution_time": 0.28537583351135254, "passed": false}, "5": {"execution_time": 0.311767578125, "passed": false}, "6": {"execution_time": 0.33925795555114746, "passed": false}, "7": {"execution_time": 0.21803545951843262, "passed": false}, "8": {"execution_time": 0.2223355770111084, "passed": false}, "9": {"execution_time": 0.267000675201416, "passed": false}, "10": {"execution_time": 0.2674241065979004, "passed": false}, "11": {"execution_time": 0.2942628860473633, "passed": false}}}, "check_style_score": "0/1"}