{"version": "1", "message": "ERROR: Hidden Testcases server unreachable.", "problem_id": "ads2_m6_a1_1", "user_id": "praveen5658", "score": {"sample": {"0": {"execution_time": 0.33872294425964355, "passed": false}, "1": {"execution_time": 0.2961306571960449, "passed": false}, "2": {"execution_time": 0.4182765483856201, "passed": false}, "3": {"execution_time": 0.28232502937316895, "passed": false}, "4": {"execution_time": 0.3460354804992676, "passed": false}, "5": {"execution_time": 0.3796684741973877, "passed": false}, "6": {"execution_time": 0.35238122940063477, "passed": false}, "7": {"execution_time": 0.33747053146362305, "passed": false}, "8": {"execution_time": 0.35355281829833984, "passed": false}, "9": {"execution_time": 0.3460378646850586, "passed": false}, "10": {"execution_time": 0.26836490631103516, "passed": false}, "11": {"execution_time": 0.28648853302001953, "passed": false}}}, "check_style_score": "0/1"}