{"version": "1", "message": "ERROR: Hidden Testcases server unreachable.", "problem_id": "ads2_m6_a1_1", "user_id": "praveen5658", "score": {"sample": {"0": {"execution_time": 0.2827036380767822, "passed": false}, "1": {"execution_time": 0.3429079055786133, "passed": false}, "2": {"execution_time": 0.3158693313598633, "passed": false}, "3": {"execution_time": 0.2819499969482422, "passed": false}, "4": {"execution_time": 0.3425168991088867, "passed": false}, "5": {"execution_time": 0.35756993293762207, "passed": false}, "6": {"execution_time": 0.27197265625, "passed": false}, "7": {"execution_time": 0.34890031814575195, "passed": false}, "8": {"execution_time": 0.2688455581665039, "passed": false}, "9": {"execution_time": 0.3250243663787842, "passed": false}, "10": {"execution_time": 0.26616907119750977, "passed": false}, "11": {"execution_time": 0.3267815113067627, "passed": false}}}, "check_style_score": "0/1"}