{"version": "1", "message": "ERROR: Hidden Testcases server unreachable.", "problem_id": "ads2_m6_a1_1", "user_id": "praveen5658", "score": {"sample": {"0": {"execution_time": 0.22005319595336914, "passed": false}, "1": {"execution_time": 0.23772120475769043, "passed": false}, "2": {"execution_time": 0.21805357933044434, "passed": false}, "3": {"execution_time": 0.1994187831878662, "passed": false}, "4": {"execution_time": 0.4302995204925537, "passed": false}, "5": {"execution_time": 0.22624659538269043, "passed": true}, "6": {"execution_time": 0.4221827983856201, "passed": true}, "7": {"execution_time": 0.22018170356750488, "passed": false}, "8": {"execution_time": 0.20735645294189453, "passed": true}, "9": {"execution_time": 0.4158318042755127, "passed": false}, "10": {"execution_time": 0.20051026344299316, "passed": true}, "11": {"execution_time": 0.42128682136535645, "passed": false}}}, "check_style_score": "0/1"}