{"version": "1", "message": "ERROR: Hidden Testcases server unreachable.", "problem_id": "ads2_m6_a1_1", "user_id": "praveen5658", "score": {"sample": {"0": {"execution_time": 0.26404690742492676, "passed": false}, "1": {"execution_time": 0.24590349197387695, "passed": false}, "2": {"execution_time": 0.40270256996154785, "passed": false}, "3": {"execution_time": 0.36624646186828613, "passed": false}, "4": {"execution_time": 0.3673057556152344, "passed": false}, "5": {"execution_time": 0.322690486907959, "passed": false}, "6": {"execution_time": 0.32147955894470215, "passed": false}, "7": {"execution_time": 0.33556699752807617, "passed": false}, "8": {"execution_time": 0.38527393341064453, "passed": false}, "9": {"execution_time": 0.3353736400604248, "passed": false}, "10": {"execution_time": 0.24696636199951172, "passed": false}, "11": {"execution_time": 0.41283369064331055, "passed": false}}}, "check_style_score": "0/1"}