{"version": "1", "message": "ERROR: Hidden Testcases server unreachable.", "problem_id": "ads2_m6_a1_1", "user_id": "praveen5658", "score": {"sample": {"0": {"execution_time": 0.2272474765777588, "passed": false}, "1": {"execution_time": 0.3446481227874756, "passed": false}, "2": {"execution_time": 0.22422289848327637, "passed": false}, "3": {"execution_time": 0.40747952461242676, "passed": false}, "4": {"execution_time": 0.22199797630310059, "passed": false}, "5": {"execution_time": 0.44399595260620117, "passed": false}, "6": {"execution_time": 0.20135164260864258, "passed": false}, "7": {"execution_time": 0.21268272399902344, "passed": false}, "8": {"execution_time": 0.4064197540283203, "passed": false}, "9": {"execution_time": 0.2258591651916504, "passed": false}, "10": {"execution_time": 0.4096372127532959, "passed": false}, "11": {"execution_time": 0.21580028533935547, "passed": false}}}, "check_style_score": "0/1"}