{"version": "1", "message": "ERROR: Hidden Testcases server unreachable.", "problem_id": "ads2_m6_a1_1", "user_id": "praveen5658", "score": {"sample": {"0": {"execution_time": 0.22498607635498047, "passed": false}, "1": {"execution_time": 0.4378786087036133, "passed": false}, "2": {"execution_time": 0.20900940895080566, "passed": false}, "3": {"execution_time": 0.3545525074005127, "passed": false}, "4": {"execution_time": 0.22872519493103027, "passed": false}, "5": {"execution_time": 0.2150261402130127, "passed": false}, "6": {"execution_time": 0.4121079444885254, "passed": false}, "7": {"execution_time": 0.22307634353637695, "passed": false}, "8": {"execution_time": 0.4202461242675781, "passed": false}, "9": {"execution_time": 0.22769379615783691, "passed": false}, "10": {"execution_time": 0.22018647193908691, "passed": false}, "11": {"execution_time": 0.42756080627441406, "passed": false}}}, "check_style_score": "0/1"}