{"version": "1", "message": "ERROR: Hidden Testcases server unreachable.", "problem_id": "ads2_m6_a1_1", "user_id": "praveen5658", "score": {"sample": {"0": {"execution_time": 0.27384090423583984, "passed": false}, "1": {"execution_time": 0.28449320793151855, "passed": false}, "2": {"execution_time": 0.2067272663116455, "passed": false}, "3": {"execution_time": 0.24155879020690918, "passed": false}, "4": {"execution_time": 0.2885403633117676, "passed": false}, "5": {"execution_time": 0.18562602996826172, "passed": false}, "6": {"execution_time": 0.2848391532897949, "passed": false}, "7": {"execution_time": 0.3503592014312744, "passed": false}, "8": {"execution_time": 0.37726831436157227, "passed": false}, "9": {"execution_time": 0.24512076377868652, "passed": false}, "10": {"execution_time": 0.33545827865600586, "passed": false}, "11": {"execution_time": 0.30213069915771484, "passed": false}}}, "check_style_score": "0/1"}