{"version": "1", "message": "ERROR: Hidden Testcases server unreachable.", "problem_id": "ads2_m6_a1_1", "user_id": "praveen5658", "score": {"sample": {"0": {"execution_time": 0.42937588691711426, "passed": false}, "1": {"execution_time": 0.39258694648742676, "passed": false}, "2": {"execution_time": 0.49361586570739746, "passed": false}, "3": {"execution_time": 0.5615394115447998, "passed": false}, "4": {"execution_time": 0.4471149444580078, "passed": false}, "5": {"execution_time": 0.4656219482421875, "passed": false}, "6": {"execution_time": 0.44020962715148926, "passed": false}, "7": {"execution_time": 0.5450513362884521, "passed": false}, "8": {"execution_time": 0.44394588470458984, "passed": false}, "9": {"execution_time": 0.5258550643920898, "passed": false}, "10": {"execution_time": 0.4327073097229004, "passed": false}, "11": {"execution_time": 0.779705286026001, "passed": false}}}, "check_style_score": "0/1"}