{"version": "1", "message": "ERROR: Hidden Testcases server unreachable.", "problem_id": "ads2_m6_a1_1", "user_id": "praveen5658", "score": {"sample": {"0": {"execution_time": 0.23668575286865234, "passed": false}, "1": {"execution_time": 0.23626303672790527, "passed": false}, "2": {"execution_time": 0.30933499336242676, "passed": false}, "3": {"execution_time": 0.3330719470977783, "passed": false}, "4": {"execution_time": 0.342071533203125, "passed": false}, "5": {"execution_time": 0.47330331802368164, "passed": false}, "6": {"execution_time": 0.20805644989013672, "passed": false}, "7": {"execution_time": 0.34636449813842773, "passed": false}, "8": {"execution_time": 0.41008543968200684, "passed": false}, "9": {"execution_time": 0.3670628070831299, "passed": false}, "10": {"execution_time": 0.2972748279571533, "passed": false}, "11": {"execution_time": 0.23527050018310547, "passed": false}}}, "check_style_score": "0/1"}