{"version": "1", "message": "ERROR: Hidden Testcases server unreachable.", "problem_id": "ads2_m6_a1_1", "user_id": "praveen5658", "score": {"sample": {"0": {"execution_time": 0.2599070072174072, "passed": false}, "1": {"execution_time": 0.3585395812988281, "passed": false}, "2": {"execution_time": 0.30181431770324707, "passed": false}, "3": {"execution_time": 0.3893394470214844, "passed": false}, "4": {"execution_time": 0.37993764877319336, "passed": false}, "5": {"execution_time": 0.390944242477417, "passed": false}, "6": {"execution_time": 0.3160412311553955, "passed": false}, "7": {"execution_time": 0.31379079818725586, "passed": false}, "8": {"execution_time": 0.42078065872192383, "passed": false}, "9": {"execution_time": 0.37494826316833496, "passed": false}, "10": {"execution_time": 0.3265974521636963, "passed": false}, "11": {"execution_time": 0.32713818550109863, "passed": false}}}, "check_style_score": "0/1"}