{"version": "1", "message": "ERROR: Hidden Testcases server unreachable.", "problem_id": "ads2_m6_a1_1", "user_id": "praveen5658", "score": {"sample": {"0": {"execution_time": 0.23886895179748535, "passed": false}, "1": {"execution_time": 0.2283625602722168, "passed": false}, "2": {"execution_time": 0.2293996810913086, "passed": false}, "3": {"execution_time": 0.2134244441986084, "passed": false}, "4": {"execution_time": 0.20390009880065918, "passed": true}, "5": {"execution_time": 0.22790884971618652, "passed": false}, "6": {"execution_time": 0.22244477272033691, "passed": true}, "7": {"execution_time": 0.21469807624816895, "passed": false}, "8": {"execution_time": 0.21168851852416992, "passed": true}, "9": {"execution_time": 0.22832012176513672, "passed": true}, "10": {"execution_time": 0.22754311561584473, "passed": true}, "11": {"execution_time": 0.21353578567504883, "passed": false}}}, "check_style_score": "1/1"}