{"version": "1", "message": "ERROR: Hidden Testcases server unreachable.", "problem_id": "ads2_m6_a1_1", "user_id": "praveen5658", "score": {"sample": {"0": {"execution_time": 0.25226879119873047, "passed": false}, "1": {"execution_time": 0.3769862651824951, "passed": false}, "2": {"execution_time": 0.29670166969299316, "passed": false}, "3": {"execution_time": 0.3580892086029053, "passed": false}, "4": {"execution_time": 0.3471677303314209, "passed": false}, "5": {"execution_time": 0.4312713146209717, "passed": false}, "6": {"execution_time": 0.43117642402648926, "passed": false}, "7": {"execution_time": 0.4556574821472168, "passed": false}, "8": {"execution_time": 0.45141029357910156, "passed": false}, "9": {"execution_time": 0.470841646194458, "passed": false}, "10": {"execution_time": 0.4375491142272949, "passed": false}, "11": {"execution_time": 0.4947059154510498, "passed": false}}}, "check_style_score": "0/1"}