{"version": "1", "message": "ERROR: Hidden Testcases server unreachable.", "problem_id": "ads2_m6_a1_1", "user_id": "praveen5658", "score": {"sample": {"0": {"execution_time": 0.36138272285461426, "passed": false}, "1": {"execution_time": 0.37212204933166504, "passed": false}, "2": {"execution_time": 0.4545302391052246, "passed": false}, "3": {"execution_time": 0.43265652656555176, "passed": false}, "4": {"execution_time": 0.4221475124359131, "passed": false}, "5": {"execution_time": 0.43786072731018066, "passed": false}, "6": {"execution_time": 0.3712630271911621, "passed": false}, "7": {"execution_time": 0.38658881187438965, "passed": false}, "8": {"execution_time": 0.43715834617614746, "passed": false}, "9": {"execution_time": 0.49912524223327637, "passed": false}, "10": {"execution_time": 0.3993239402770996, "passed": false}, "11": {"execution_time": 0.5840699672698975, "passed": false}}}, "check_style_score": "0/1"}