{"version": "1", "message": "ERROR: Hidden Testcases server unreachable.", "problem_id": "ads2_m6_a1_1", "user_id": "praveen5658", "score": {"sample": {"0": {"execution_time": 0.22699284553527832, "passed": false}, "1": {"execution_time": 0.29500389099121094, "passed": false}, "2": {"execution_time": 0.22323107719421387, "passed": false}, "3": {"execution_time": 0.4166886806488037, "passed": false}, "4": {"execution_time": 0.22613167762756348, "passed": false}, "5": {"execution_time": 0.38623809814453125, "passed": true}, "6": {"execution_time": 0.22922134399414062, "passed": true}, "7": {"execution_time": 0.2114112377166748, "passed": false}, "8": {"execution_time": 0.4185607433319092, "passed": true}, "9": {"execution_time": 0.21886873245239258, "passed": false}, "10": {"execution_time": 0.43575000762939453, "passed": true}, "11": {"execution_time": 0.20418405532836914, "passed": false}}}, "check_style_score": "1/1"}