{"version": "1", "message": "ERROR: Hidden Testcases server unreachable.", "problem_id": "ads2_m6_a1_1", "user_id": "praveen5658", "score": {"sample": {"0": {"execution_time": 0.2593393325805664, "passed": false}, "1": {"execution_time": 0.38213276863098145, "passed": false}, "2": {"execution_time": 0.29008030891418457, "passed": false}, "3": {"execution_time": 0.36719846725463867, "passed": false}, "4": {"execution_time": 0.29862403869628906, "passed": false}, "5": {"execution_time": 0.34108686447143555, "passed": false}, "6": {"execution_time": 0.29927706718444824, "passed": false}, "7": {"execution_time": 0.3660922050476074, "passed": false}, "8": {"execution_time": 0.3515019416809082, "passed": false}, "9": {"execution_time": 0.3952927589416504, "passed": false}, "10": {"execution_time": 0.34366798400878906, "passed": false}, "11": {"execution_time": 0.3870511054992676, "passed": false}}}, "check_style_score": "0/1"}