{"version": "1", "message": "ERROR: Hidden Testcases server unreachable.", "problem_id": "ads2_m6_a1_1", "user_id": "praveen5658", "score": {"sample": {"0": {"execution_time": 0.30130815505981445, "passed": false}, "1": {"execution_time": 0.2704281806945801, "passed": false}, "2": {"execution_time": 0.35574984550476074, "passed": false}, "3": {"execution_time": 0.2621293067932129, "passed": false}, "4": {"execution_time": 0.3122129440307617, "passed": false}, "5": {"execution_time": 0.37212419509887695, "passed": false}, "6": {"execution_time": 0.3798980712890625, "passed": false}, "7": {"execution_time": 0.2809760570526123, "passed": false}, "8": {"execution_time": 0.3259236812591553, "passed": false}, "9": {"execution_time": 0.3934798240661621, "passed": false}, "10": {"execution_time": 0.2727031707763672, "passed": false}, "11": {"execution_time": 0.3114774227142334, "passed": false}}}, "check_style_score": "0/1"}