{"version": "1", "message": "ERROR: Hidden Testcases server unreachable.", "problem_id": "ads2_m6_a1_1", "user_id": "praveen5658", "score": {"sample": {"0": {"execution_time": 0.23540735244750977, "passed": false}, "1": {"execution_time": 0.22611284255981445, "passed": false}, "2": {"execution_time": 0.21055006980895996, "passed": false}, "3": {"execution_time": 0.2253878116607666, "passed": false}, "4": {"execution_time": 0.22678422927856445, "passed": false}, "5": {"execution_time": 0.21652936935424805, "passed": true}, "6": {"execution_time": 0.22528409957885742, "passed": false}, "7": {"execution_time": 0.2279977798461914, "passed": false}, "8": {"execution_time": 0.22132062911987305, "passed": false}, "9": {"execution_time": 0.2086169719696045, "passed": false}, "10": {"execution_time": 0.22906708717346191, "passed": false}, "11": {"execution_time": 0.22853541374206543, "passed": false}}}, "check_style_score": "1/1"}