{"version": "1", "message": "ERROR: Hidden Testcases server unreachable.", "problem_id": "ads2_m6_a1_1", "user_id": "praveen5658", "score": {"sample": {"0": {"execution_time": 0.2563443183898926, "passed": false}, "1": {"execution_time": 0.37052345275878906, "passed": false}, "2": {"execution_time": 0.31011199951171875, "passed": false}, "3": {"execution_time": 0.37874507904052734, "passed": false}, "4": {"execution_time": 0.3672199249267578, "passed": false}, "5": {"execution_time": 0.3164558410644531, "passed": false}, "6": {"execution_time": 0.2797110080718994, "passed": false}, "7": {"execution_time": 0.3778114318847656, "passed": false}, "8": {"execution_time": 0.4089076519012451, "passed": false}, "9": {"execution_time": 0.3666973114013672, "passed": false}, "10": {"execution_time": 0.35985851287841797, "passed": false}, "11": {"execution_time": 0.33899521827697754, "passed": false}}}, "check_style_score": "0/1"}