{"version": "1", "message": "ERROR: Hidden Testcases server unreachable.", "problem_id": "ads2_m6_a1_1", "user_id": "praveen5658", "score": {"sample": {"0": {"execution_time": 0.45923471450805664, "passed": false}, "1": {"execution_time": 0.4551396369934082, "passed": false}, "2": {"execution_time": 0.48107361793518066, "passed": false}, "3": {"execution_time": 0.3586552143096924, "passed": false}, "4": {"execution_time": 0.2930030822753906, "passed": false}, "5": {"execution_time": 0.5148801803588867, "passed": false}, "6": {"execution_time": 0.42064356803894043, "passed": false}, "7": {"execution_time": 0.33527159690856934, "passed": false}, "8": {"execution_time": 0.3394911289215088, "passed": false}, "9": {"execution_time": 0.29116010665893555, "passed": false}, "10": {"execution_time": 0.32523465156555176, "passed": false}, "11": {"execution_time": 0.3371858596801758, "passed": false}}}, "check_style_score": "0/1"}