{"version": "1", "message": "ERROR: Hidden Testcases server unreachable.", "problem_id": "ads2_m6_a1_1", "user_id": "praveen5658", "score": {"sample": {"0": {"execution_time": 0.23965930938720703, "passed": false}, "1": {"execution_time": 0.42336392402648926, "passed": false}, "2": {"execution_time": 0.2318403720855713, "passed": false}, "3": {"execution_time": 0.4215047359466553, "passed": false}, "4": {"execution_time": 0.21733522415161133, "passed": false}, "5": {"execution_time": 0.2319633960723877, "passed": true}, "6": {"execution_time": 0.4344139099121094, "passed": true}, "7": {"execution_time": 0.22739696502685547, "passed": false}, "8": {"execution_time": 0.3914637565612793, "passed": true}, "9": {"execution_time": 0.21364068984985352, "passed": false}, "10": {"execution_time": 0.374392032623291, "passed": true}, "11": {"execution_time": 0.21422839164733887, "passed": false}}}, "check_style_score": "0/1"}