{"version": "1", "message": "ERROR: Hidden Testcases server unreachable.", "problem_id": "ads2_m6_a1_1", "user_id": "praveen5658", "score": {"sample": {"0": {"execution_time": 0.21867132186889648, "passed": false}, "1": {"execution_time": 0.22881579399108887, "passed": false}, "2": {"execution_time": 0.22475051879882812, "passed": false}, "3": {"execution_time": 0.2319047451019287, "passed": false}, "4": {"execution_time": 0.2283179759979248, "passed": false}, "5": {"execution_time": 0.23249077796936035, "passed": true}, "6": {"execution_time": 0.212846040725708, "passed": true}, "7": {"execution_time": 0.22760438919067383, "passed": false}, "8": {"execution_time": 0.21165084838867188, "passed": true}, "9": {"execution_time": 0.22757196426391602, "passed": false}, "10": {"execution_time": 0.22605514526367188, "passed": true}, "11": {"execution_time": 0.215667724609375, "passed": false}}}, "check_style_score": "1/1"}