{"version": "1", "message": "ERROR: Hidden Testcases server unreachable.", "problem_id": "ads2_m6_a1_1", "user_id": "praveen5658", "score": {"sample": {"0": {"execution_time": 0.3640718460083008, "passed": false}, "1": {"execution_time": 0.3170192241668701, "passed": false}, "2": {"execution_time": 0.30890774726867676, "passed": false}, "3": {"execution_time": 0.3168771266937256, "passed": false}, "4": {"execution_time": 0.30965352058410645, "passed": false}, "5": {"execution_time": 0.3768594264984131, "passed": false}, "6": {"execution_time": 0.32396483421325684, "passed": false}, "7": {"execution_time": 0.26550841331481934, "passed": false}, "8": {"execution_time": 0.31442856788635254, "passed": false}, "9": {"execution_time": 0.3122367858886719, "passed": false}, "10": {"execution_time": 0.2861135005950928, "passed": false}, "11": {"execution_time": 0.32453417778015137, "passed": false}}}, "check_style_score": "0/1"}