{"version": "1", "message": "ERROR: Hidden Testcases server unreachable.", "problem_id": "ads2_m6_a1_1", "user_id": "praveen5658", "score": {"sample": {"0": {"execution_time": 0.21419930458068848, "passed": false}, "1": {"execution_time": 0.3272123336791992, "passed": false}, "2": {"execution_time": 0.32881712913513184, "passed": false}, "3": {"execution_time": 0.2998318672180176, "passed": false}, "4": {"execution_time": 0.31043386459350586, "passed": false}, "5": {"execution_time": 0.36043310165405273, "passed": false}, "6": {"execution_time": 0.3159904479980469, "passed": false}, "7": {"execution_time": 0.321272611618042, "passed": false}, "8": {"execution_time": 0.33843135833740234, "passed": false}, "9": {"execution_time": 0.36415648460388184, "passed": false}, "10": {"execution_time": 0.4015045166015625, "passed": false}, "11": {"execution_time": 0.39160585403442383, "passed": false}}}, "check_style_score": "0/1"}