{"version": "1", "message": "ERROR: Hidden Testcases server unreachable.", "problem_id": "ads2_m6_a1_1", "user_id": "praveen5658", "score": {"sample": {"0": {"execution_time": 0.21727299690246582, "passed": false}, "1": {"execution_time": 0.2127063274383545, "passed": false}, "2": {"execution_time": 0.4261190891265869, "passed": false}, "3": {"execution_time": 0.22461795806884766, "passed": false}, "4": {"execution_time": 0.404477596282959, "passed": false}, "5": {"execution_time": 0.22877144813537598, "passed": false}, "6": {"execution_time": 0.21225929260253906, "passed": false}, "7": {"execution_time": 0.21054697036743164, "passed": false}, "8": {"execution_time": 0.41538476943969727, "passed": false}, "9": {"execution_time": 0.2278439998626709, "passed": false}, "10": {"execution_time": 0.22904276847839355, "passed": false}, "11": {"execution_time": 0.25772595405578613, "passed": false}}}, "check_style_score": "0/1"}