{"version": "1", "message": "ERROR: Hidden Testcases server unreachable.", "problem_id": "ads2_m6_a1_1", "user_id": "praveen5658", "score": {"sample": {"0": {"execution_time": 0.3935282230377197, "passed": false}, "1": {"execution_time": 0.2303307056427002, "passed": false}, "2": {"execution_time": 0.200819730758667, "passed": false}, "3": {"execution_time": 0.3695714473724365, "passed": false}, "4": {"execution_time": 0.2131967544555664, "passed": false}, "5": {"execution_time": 0.41245436668395996, "passed": true}, "6": {"execution_time": 0.2095937728881836, "passed": true}, "7": {"execution_time": 0.34450531005859375, "passed": false}, "8": {"execution_time": 0.21565794944763184, "passed": true}, "9": {"execution_time": 0.23003363609313965, "passed": false}, "10": {"execution_time": 0.3991208076477051, "passed": true}, "11": {"execution_time": 0.20529532432556152, "passed": false}}}, "check_style_score": "0/1"}