{"version": "1", "message": "ERROR: Hidden Testcases server unreachable.", "problem_id": "ads2_m6_a1_1", "user_id": "praveen5658", "score": {"sample": {"0": {"execution_time": 0.2624340057373047, "passed": false}, "1": {"execution_time": 0.3107025623321533, "passed": false}, "2": {"execution_time": 0.3145482540130615, "passed": false}, "3": {"execution_time": 0.41478514671325684, "passed": false}, "4": {"execution_time": 0.4633779525756836, "passed": false}, "5": {"execution_time": 0.4480857849121094, "passed": false}, "6": {"execution_time": 0.4668710231781006, "passed": false}, "7": {"execution_time": 0.31639862060546875, "passed": false}, "8": {"execution_time": 0.3571338653564453, "passed": false}, "9": {"execution_time": 0.39528369903564453, "passed": false}, "10": {"execution_time": 0.35250329971313477, "passed": false}, "11": {"execution_time": 0.43179917335510254, "passed": false}}}, "check_style_score": "0/1"}