{"version": "1", "message": "ERROR: Hidden Testcases server unreachable.", "problem_id": "ads2_m6_a1_1", "user_id": "praveen5658", "score": {"sample": {"0": {"execution_time": 0.277691125869751, "passed": false}, "1": {"execution_time": 0.2710385322570801, "passed": false}, "2": {"execution_time": 0.3379683494567871, "passed": false}, "3": {"execution_time": 0.272442102432251, "passed": false}, "4": {"execution_time": 0.3948638439178467, "passed": false}, "5": {"execution_time": 0.34648561477661133, "passed": false}, "6": {"execution_time": 0.3856687545776367, "passed": false}, "7": {"execution_time": 0.3217434883117676, "passed": false}, "8": {"execution_time": 0.349639892578125, "passed": false}, "9": {"execution_time": 0.24908232688903809, "passed": false}, "10": {"execution_time": 0.36661219596862793, "passed": false}, "11": {"execution_time": 0.3676738739013672, "passed": false}}}, "check_style_score": "0/1"}