{"version": "1", "message": "ERROR: Hidden Testcases server unreachable.", "problem_id": "ads2_m6_a1_1", "user_id": "praveen5658", "score": {"sample": {"0": {"execution_time": 0.3119626045227051, "passed": false}, "1": {"execution_time": 0.35396742820739746, "passed": false}, "2": {"execution_time": 0.2812490463256836, "passed": false}, "3": {"execution_time": 0.29413437843322754, "passed": false}, "4": {"execution_time": 0.3497915267944336, "passed": false}, "5": {"execution_time": 0.3575267791748047, "passed": false}, "6": {"execution_time": 0.3874671459197998, "passed": false}, "7": {"execution_time": 0.365126371383667, "passed": false}, "8": {"execution_time": 0.3629605770111084, "passed": false}, "9": {"execution_time": 0.3295321464538574, "passed": false}, "10": {"execution_time": 0.38254284858703613, "passed": false}, "11": {"execution_time": 0.38607311248779297, "passed": false}}}, "check_style_score": "0/1"}