{"version": "1", "message": "ERROR: Hidden Testcases server unreachable.", "problem_id": "ads2_m6_a1_1", "user_id": "praveen5658", "score": {"sample": {"0": {"execution_time": 0.21871280670166016, "passed": false}, "1": {"execution_time": 0.3439953327178955, "passed": false}, "2": {"execution_time": 0.21324682235717773, "passed": false}, "3": {"execution_time": 0.2134718894958496, "passed": false}, "4": {"execution_time": 0.4064793586730957, "passed": false}, "5": {"execution_time": 0.22648048400878906, "passed": true}, "6": {"execution_time": 0.4235563278198242, "passed": true}, "7": {"execution_time": 0.21392440795898438, "passed": false}, "8": {"execution_time": 0.2324223518371582, "passed": true}, "9": {"execution_time": 0.37610912322998047, "passed": false}, "10": {"execution_time": 0.21494245529174805, "passed": true}, "11": {"execution_time": 0.3906369209289551, "passed": false}}}, "check_style_score": "1/1"}