{"version": "1", "message": "ERROR: Hidden Testcases server unreachable.", "problem_id": "ads2_m6_a1_1", "user_id": "praveen5658", "score": {"sample": {"0": {"execution_time": 0.2242567539215088, "passed": false}, "1": {"execution_time": 0.29419755935668945, "passed": false}, "2": {"execution_time": 0.2603161334991455, "passed": false}, "3": {"execution_time": 0.20464849472045898, "passed": false}, "4": {"execution_time": 0.4388718605041504, "passed": false}, "5": {"execution_time": 0.22988653182983398, "passed": true}, "6": {"execution_time": 0.42151975631713867, "passed": true}, "7": {"execution_time": 0.2048053741455078, "passed": false}, "8": {"execution_time": 0.22853302955627441, "passed": true}, "9": {"execution_time": 0.396620512008667, "passed": false}, "10": {"execution_time": 0.20810770988464355, "passed": true}, "11": {"execution_time": 0.41986513137817383, "passed": false}}}, "check_style_score": "1/1"}