{"version": "1", "message": "ERROR: Hidden Testcases server unreachable.", "problem_id": "ads2_m6_a1_1", "user_id": "praveen5658", "score": {"sample": {"0": {"execution_time": 0.3238718509674072, "passed": false}, "1": {"execution_time": 0.3415803909301758, "passed": false}, "2": {"execution_time": 0.3658308982849121, "passed": false}, "3": {"execution_time": 0.3125300407409668, "passed": false}, "4": {"execution_time": 0.3084743022918701, "passed": false}, "5": {"execution_time": 0.3518791198730469, "passed": false}, "6": {"execution_time": 0.3654944896697998, "passed": false}, "7": {"execution_time": 0.2487318515777588, "passed": false}, "8": {"execution_time": 0.37421488761901855, "passed": false}, "9": {"execution_time": 0.2991139888763428, "passed": false}, "10": {"execution_time": 0.4044191837310791, "passed": false}, "11": {"execution_time": 0.42519569396972656, "passed": false}}}, "check_style_score": "0/1"}