{"version": "1", "message": "ERROR: Hidden Testcases server unreachable.", "problem_id": "ads2_m6_a1_1", "user_id": "praveen5658", "score": {"sample": {"0": {"execution_time": 0.21333742141723633, "passed": false}, "1": {"execution_time": 0.21286916732788086, "passed": false}, "2": {"execution_time": 0.20435357093811035, "passed": false}, "3": {"execution_time": 0.26068758964538574, "passed": false}, "4": {"execution_time": 0.21237564086914062, "passed": false}, "5": {"execution_time": 0.22197651863098145, "passed": false}, "6": {"execution_time": 0.3104684352874756, "passed": false}, "7": {"execution_time": 0.22467803955078125, "passed": false}, "8": {"execution_time": 0.22606348991394043, "passed": false}, "9": {"execution_time": 0.21859121322631836, "passed": false}, "10": {"execution_time": 0.22870492935180664, "passed": false}, "11": {"execution_time": 0.2957897186279297, "passed": false}}}, "check_style_score": "0/1"}