{"version": "1", "message": "ERROR: Hidden Testcases server unreachable.", "problem_id": "ads2_m16_a1_1", "user_id": "praveen5658", "score": {"sample": {"0": {"execution_time": 0.16863727569580078, "passed": false}, "1": {"execution_time": 0.204315185546875, "passed": false}, "2": {"execution_time": 0.1846151351928711, "passed": false}, "3": {"execution_time": 0.19358086585998535, "passed": false}, "4": {"execution_time": 0.19974923133850098, "passed": false}, "5": {"execution_time": 0.18346190452575684, "passed": false}, "6": {"execution_time": 0.16751408576965332, "passed": false}, "7": {"execution_time": 0.20847749710083008, "passed": false}, "8": {"execution_time": 0.21590733528137207, "passed": false}, "9": {"execution_time": 0.18755197525024414, "passed": false}, "10": {"execution_time": 0.21552205085754395, "passed": false}, "11": {"execution_time": 0.1820693016052246, "passed": false}, "12": {"execution_time": 0.19693994522094727, "passed": false}, "13": {"execution_time": 0.17565631866455078, "passed": false}, "14": {"execution_time": 0.17954063415527344, "passed": false}, "15": {"execution_time": 0.2188103199005127, "passed": false}, "16": {"execution_time": 0.22418451309204102, "passed": false}, "17": {"execution_time": 0.2714087963104248, "passed": false}, "18": {"execution_time": 0.1676182746887207, "passed": false}, "19": {"execution_time": 0.2286536693572998, "passed": false}, "20": {"execution_time": 0.16824793815612793, "passed": false}, "21": {"execution_time": 0.16179418563842773, "passed": false}, "22": {"execution_time": 0.17433714866638184, "passed": false}, "23": {"execution_time": 0.17119121551513672, "passed": false}, "24": {"execution_time": 0.17036771774291992, "passed": false}, "25": {"execution_time": 0.2051222324371338, "passed": false}, "26": {"execution_time": 0.33815813064575195, "passed": false}, "27": {"execution_time": 0.24649906158447266, "passed": false}, "28": {"execution_time": 0.21394109725952148, "passed": false}, "29": {"execution_time": 0.18825435638427734, "passed": true}}}, "check_style_score": "0/1"}