{"version": "1", "message": "ERROR: Hidden Testcases server unreachable.", "problem_id": "ads2_m16_a1_1", "user_id": "praveen5658", "score": {"sample": {"0": {"execution_time": 0.20714426040649414, "passed": false}, "1": {"execution_time": 0.29796719551086426, "passed": false}, "2": {"execution_time": 0.9208545684814453, "passed": false}, "3": {"execution_time": 0.8616862297058105, "passed": false}, "4": {"execution_time": 0.8661963939666748, "passed": false}, "5": {"execution_time": 0.9144420623779297, "passed": false}, "6": {"execution_time": 0.8527035713195801, "passed": false}, "7": {"execution_time": 0.9558687210083008, "passed": false}, "8": {"execution_time": 0.2934093475341797, "passed": false}, "9": {"execution_time": 0.8719477653503418, "passed": false}, "10": {"execution_time": 0.8878133296966553, "passed": false}, "11": {"execution_time": 0.24963116645812988, "passed": false}, "12": {"execution_time": 0.9541478157043457, "passed": false}, "13": {"execution_time": 0.2088320255279541, "passed": false}, "14": {"execution_time": 0.9502410888671875, "passed": false}, "15": {"execution_time": 0.9383111000061035, "passed": false}, "16": {"execution_time": 0.2770671844482422, "passed": false}, "17": {"execution_time": 0.30481410026550293, "passed": false}, "18": {"execution_time": 0.29376888275146484, "passed": false}, "19": {"execution_time": 0.31888318061828613, "passed": false}, "20": {"execution_time": 0.28752684593200684, "passed": false}, "21": {"execution_time": 0.2575407028198242, "passed": false}, "22": {"execution_time": 0.3121523857116699, "passed": false}, "23": {"execution_time": 0.2946469783782959, "passed": false}, "24": {"execution_time": 0.19347381591796875, "passed": false}, "25": {"execution_time": 1.1469836235046387, "passed": false}, "26": {"execution_time": 0.939704179763794, "passed": false}, "27": {"execution_time": 1.1250085830688477, "passed": false}, "28": {"execution_time": 1.9890310764312744, "passed": false}, "29": {"execution_time": 0.3001728057861328, "passed": true}}}, "check_style_score": "0/1"}