{"version": "1", "message": "ERROR: Hidden Testcases server unreachable.", "problem_id": "ads2_m16_a1_1", "user_id": "khyathimsit", "score": {"sample": {"0": {"execution_time": 0.2560548782348633, "passed": true}, "1": {"execution_time": 0.33132314682006836, "passed": true}, "2": {"execution_time": 0.8944206237792969, "passed": true}, "3": {"execution_time": 0.9386119842529297, "passed": true}, "4": {"execution_time": 0.9710862636566162, "passed": true}, "5": {"execution_time": 0.9426741600036621, "passed": true}, "6": {"execution_time": 0.9881956577301025, "passed": true}, "7": {"execution_time": 1.1075949668884277, "passed": true}, "8": {"execution_time": 0.4670126438140869, "passed": true}, "9": {"execution_time": 0.8517591953277588, "passed": true}, "10": {"execution_time": 0.9287872314453125, "passed": true}, "11": {"execution_time": 3.6010873317718506, "passed": true}, "12": {"execution_time": 0.9135172367095947, "passed": true}, "13": {"execution_time": 0.3616476058959961, "passed": true}, "14": {"execution_time": 1.2620015144348145, "passed": true}, "15": {"execution_time": 1.4650802612304688, "passed": true}, "16": {"execution_time": 0.495941162109375, "passed": true}, "17": {"execution_time": 0.39380311965942383, "passed": true}, "18": {"execution_time": 0.4427783489227295, "passed": true}, "19": {"execution_time": 0.3167264461517334, "passed": true}, "20": {"execution_time": 0.4201383590698242, "passed": true}, "21": {"execution_time": 0.3929471969604492, "passed": true}, "22": {"execution_time": 0.40594029426574707, "passed": true}, "23": {"execution_time": 0.4304525852203369, "passed": true}, "24": {"execution_time": 0.2763972282409668, "passed": true}, "25": {"execution_time": 0.987067699432373, "passed": true}, "26": {"execution_time": 0.7359001636505127, "passed": true}, "27": {"execution_time": 1.016294002532959, "passed": true}, "28": {"execution_time": 1.70505690574646, "passed": true}, "29": {"execution_time": 0.2974355220794678, "passed": true}}}, "check_style_score": "1/1"}