{"version": "1", "message": "ERROR: Hidden Testcases server unreachable.", "problem_id": "ads2_m16_a1_1", "user_id": "praveen5658", "score": {"sample": {"0": {"execution_time": 0.22646236419677734, "passed": false}, "1": {"execution_time": 0.1990063190460205, "passed": false}, "2": {"execution_time": 0.20319104194641113, "passed": false}, "3": {"execution_time": 0.2139298915863037, "passed": false}, "4": {"execution_time": 0.2010495662689209, "passed": false}, "5": {"execution_time": 0.17493700981140137, "passed": false}, "6": {"execution_time": 0.16682004928588867, "passed": false}, "7": {"execution_time": 0.1712357997894287, "passed": false}, "8": {"execution_time": 0.16916918754577637, "passed": false}, "9": {"execution_time": 0.1932058334350586, "passed": false}, "10": {"execution_time": 0.17228460311889648, "passed": false}, "11": {"execution_time": 0.1676957607269287, "passed": false}, "12": {"execution_time": 0.2086491584777832, "passed": false}, "13": {"execution_time": 0.18538975715637207, "passed": false}, "14": {"execution_time": 0.20552659034729004, "passed": false}, "15": {"execution_time": 0.17404532432556152, "passed": false}, "16": {"execution_time": 0.18255257606506348, "passed": false}, "17": {"execution_time": 0.22440052032470703, "passed": false}, "18": {"execution_time": 0.17293572425842285, "passed": false}, "19": {"execution_time": 0.2044520378112793, "passed": false}, "20": {"execution_time": 0.20644569396972656, "passed": false}, "21": {"execution_time": 0.1688680648803711, "passed": false}, "22": {"execution_time": 0.19394207000732422, "passed": false}, "23": {"execution_time": 0.21984028816223145, "passed": false}, "24": {"execution_time": 0.19771528244018555, "passed": false}, "25": {"execution_time": 0.1704103946685791, "passed": false}, "26": {"execution_time": 0.20861101150512695, "passed": false}, "27": {"execution_time": 0.22729945182800293, "passed": false}, "28": {"execution_time": 0.18093299865722656, "passed": false}, "29": {"execution_time": 0.1698455810546875, "passed": true}}}, "check_style_score": "0/1"}