{"version": "1", "message": "ERROR: Hidden Testcases server unreachable.", "problem_id": "ads2_m16_a1_1", "user_id": "khyathimsit", "score": {"sample": {"0": {"execution_time": 0.5018730163574219, "passed": true}, "1": {"execution_time": 0.6188449859619141, "passed": true}, "2": {"execution_time": 1.4354910850524902, "passed": true}, "3": {"execution_time": 1.463007926940918, "passed": true}, "4": {"execution_time": 1.4079978466033936, "passed": true}, "5": {"execution_time": 1.6170849800109863, "passed": true}, "6": {"execution_time": 1.6025164127349854, "passed": true}, "7": {"execution_time": 1.7573413848876953, "passed": true}, "8": {"execution_time": 0.65584397315979, "passed": true}, "9": {"execution_time": 1.7827725410461426, "passed": true}, "10": {"execution_time": 1.7649483680725098, "passed": true}, "11": {"execution_time": 4.539164304733276, "passed": true}, "12": {"execution_time": 1.87270188331604, "passed": true}, "13": {"execution_time": 0.6053884029388428, "passed": true}, "14": {"execution_time": 1.825721263885498, "passed": true}, "15": {"execution_time": 1.6735403537750244, "passed": true}, "16": {"execution_time": 0.6247923374176025, "passed": true}, "17": {"execution_time": 0.7602047920227051, "passed": true}, "18": {"execution_time": 0.6592693328857422, "passed": true}, "19": {"execution_time": 0.7658748626708984, "passed": true}, "20": {"execution_time": 0.66912841796875, "passed": true}, "21": {"execution_time": 0.7219455242156982, "passed": true}, "22": {"execution_time": 0.6545939445495605, "passed": true}, "23": {"execution_time": 0.6110081672668457, "passed": true}, "24": {"execution_time": 0.5677306652069092, "passed": true}, "25": {"execution_time": 1.7915375232696533, "passed": true}, "26": {"execution_time": 1.538456678390503, "passed": true}, "27": {"execution_time": 1.8481311798095703, "passed": true}, "28": {"execution_time": 2.73091197013855, "passed": true}, "29": {"execution_time": 0.606590747833252, "passed": true}}}, "check_style_score": "0/1"}