{"version": "1", "message": "ERROR: Hidden Testcases server unreachable.", "problem_id": "ads2_m4_a1_1", "user_id": "praveen5658", "score": {"sample": {"0": {"execution_time": 0.41854357719421387, "passed": true}, "1": {"execution_time": 0.5472521781921387, "passed": true}, "2": {"execution_time": 0.38597965240478516, "passed": true}, "3": {"execution_time": 0.5646266937255859, "passed": true}, "4": {"execution_time": 0.33434486389160156, "passed": true}, "5": {"execution_time": 0.55655837059021, "passed": true}, "6": {"execution_time": 0.4341549873352051, "passed": true}, "7": {"execution_time": 0.46848273277282715, "passed": true}, "8": {"execution_time": 0.3585085868835449, "passed": true}, "9": {"execution_time": 0.3668029308319092, "passed": true}, "10": {"execution_time": 0.5066065788269043, "passed": true}, "11": {"execution_time": 0.41411566734313965, "passed": true}, "12": {"execution_time": 0.34914684295654297, "passed": true}, "13": {"execution_time": 1.0240435600280762, "passed": true}, "14": {"execution_time": 0.4530344009399414, "passed": true}}}, "check_style_score": "1/1"}