{"version": "1", "message": "ERROR: Hidden Testcases server unreachable.", "problem_id": "ads2_m4_a1_1", "user_id": "praveen5658", "score": {"sample": {"0": {"execution_time": 0.39731454849243164, "passed": true}, "1": {"execution_time": 0.5061917304992676, "passed": true}, "2": {"execution_time": 0.5801575183868408, "passed": true}, "3": {"execution_time": 0.4077630043029785, "passed": true}, "4": {"execution_time": 0.40308713912963867, "passed": true}, "5": {"execution_time": 0.5525832176208496, "passed": true}, "6": {"execution_time": 0.47454380989074707, "passed": true}, "7": {"execution_time": 0.44428491592407227, "passed": true}, "8": {"execution_time": 0.41088056564331055, "passed": true}, "9": {"execution_time": 0.4256470203399658, "passed": true}, "10": {"execution_time": 0.47011518478393555, "passed": true}, "11": {"execution_time": 0.308208703994751, "passed": true}, "12": {"execution_time": 0.44589877128601074, "passed": true}, "13": {"execution_time": 1.0851609706878662, "passed": true}, "14": {"execution_time": 0.4081580638885498, "passed": true}}}, "check_style_score": "1/1"}